{
  "timestamp": "20251110_162210",
  "selections": {
    "1": "C7889.mp4",
    "2": "C7890.mp4",
    "3": "C7891.mp4",
    "4": "C7893.mp4",
    "5": "C7897.mp4",
    "6": "C7898.mp4",
    "7": "C7900.mp4",
    "8": "C7903.mp4",
    "9": "C7904.mp4",
    "10": "C7905.mp4",
    "11": "C7908.mp4",
    "12": "C7910.mp4"
  },
  "trim_data": {
    "1": {
      "start": 0.40929618527172174,
      "end": 1.637401
    },
    "2": {
      "start": 2.2279593966575,
      "end": 3.988153
    },
    "3": {
      "start": 0.6074927802813211,
      "end": 2.245088
    },
    "4": {
      "start": 0.7931334446759981,
      "end": 2.991859
    },
    "5": {
      "start": 2.801792851047119,
      "end": 6.236745874733785
    },
    "6": {
      "start": 1.4470001281154887,
      "end": 2.725423
    },
    "7": {
      "start": 4.77262685754265,
      "end": 6.794276
    },
    "8": {
      "start": 0.06721577424943112,
      "end": 2.229674
    },
    "9": {
      "start": 2.5663746641719807,
      "end": 3.966225
    },
    "10": {
      "start": 0.46629244085310795,
      "end": 2.609442
    },
    "11": {
      "start": 5.085236748265413,
      "end": 6.897902
    },
    "12": {
      "start": 2.0552688202521954,
      "end": 4.171238
    }
  },
  "total_lines": 48,
  "selected_count": 12
}